{
  "hash": "7966d7da",
  "configHash": "97426c7b",
  "lockfileHash": "90a9d4eb",
  "browserHash": "df665661",
  "optimized": {
    "@angular/cdk/bidi": {
      "src": "../../../../../../node_modules/@angular/cdk/fesm2022/bidi.mjs",
      "file": "@angular_cdk_bidi.js",
      "fileHash": "2302ec45",
      "needsInterop": false
    },
    "@angular/cdk/layout": {
      "src": "../../../../../../node_modules/@angular/cdk/fesm2022/layout.mjs",
      "file": "@angular_cdk_layout.js",
      "fileHash": "4f8eebf0",
      "needsInterop": false
    },
    "@angular/cdk/scrolling": {
      "src": "../../../../../../node_modules/@angular/cdk/fesm2022/scrolling.mjs",
      "file": "@angular_cdk_scrolling.js",
      "fileHash": "4289f24a",
      "needsInterop": false
    },
    "@angular/cdk/text-field": {
      "src": "../../../../../../node_modules/@angular/cdk/fesm2022/text-field.mjs",
      "file": "@angular_cdk_text-field.js",
      "fileHash": "570ea368",
      "needsInterop": false
    },
    "@angular/common": {
      "src": "../../../../../../node_modules/@angular/common/fesm2022/common.mjs",
      "file": "@angular_common.js",
      "fileHash": "2a1d76e4",
      "needsInterop": false
    },
    "@angular/common/http": {
      "src": "../../../../../../node_modules/@angular/common/fesm2022/http.mjs",
      "file": "@angular_common_http.js",
      "fileHash": "c1e4f26f",
      "needsInterop": false
    },
    "@angular/core": {
      "src": "../../../../../../node_modules/@angular/core/fesm2022/core.mjs",
      "file": "@angular_core.js",
      "fileHash": "814cf4f8",
      "needsInterop": false
    },
    "@angular/core/rxjs-interop": {
      "src": "../../../../../../node_modules/@angular/core/fesm2022/rxjs-interop.mjs",
      "file": "@angular_core_rxjs-interop.js",
      "fileHash": "7dd6101d",
      "needsInterop": false
    },
    "@angular/forms": {
      "src": "../../../../../../node_modules/@angular/forms/fesm2022/forms.mjs",
      "file": "@angular_forms.js",
      "fileHash": "50316b03",
      "needsInterop": false
    },
    "@angular/material/button": {
      "src": "../../../../../../node_modules/@angular/material/fesm2022/button.mjs",
      "file": "@angular_material_button.js",
      "fileHash": "4b81375d",
      "needsInterop": false
    },
    "@angular/material/card": {
      "src": "../../../../../../node_modules/@angular/material/fesm2022/card.mjs",
      "file": "@angular_material_card.js",
      "fileHash": "a0fab1fb",
      "needsInterop": false
    },
    "@angular/material/checkbox": {
      "src": "../../../../../../node_modules/@angular/material/fesm2022/checkbox.mjs",
      "file": "@angular_material_checkbox.js",
      "fileHash": "dc803fff",
      "needsInterop": false
    },
    "@angular/material/chips": {
      "src": "../../../../../../node_modules/@angular/material/fesm2022/chips.mjs",
      "file": "@angular_material_chips.js",
      "fileHash": "c4bae22c",
      "needsInterop": false
    },
    "@angular/material/divider": {
      "src": "../../../../../../node_modules/@angular/material/fesm2022/divider.mjs",
      "file": "@angular_material_divider.js",
      "fileHash": "639ccd1a",
      "needsInterop": false
    },
    "@angular/material/form-field": {
      "src": "../../../../../../node_modules/@angular/material/fesm2022/form-field.mjs",
      "file": "@angular_material_form-field.js",
      "fileHash": "acfe0caa",
      "needsInterop": false
    },
    "@angular/material/grid-list": {
      "src": "../../../../../../node_modules/@angular/material/fesm2022/grid-list.mjs",
      "file": "@angular_material_grid-list.js",
      "fileHash": "7d42d700",
      "needsInterop": false
    },
    "@angular/material/icon": {
      "src": "../../../../../../node_modules/@angular/material/fesm2022/icon.mjs",
      "file": "@angular_material_icon.js",
      "fileHash": "698bfcac",
      "needsInterop": false
    },
    "@angular/material/input": {
      "src": "../../../../../../node_modules/@angular/material/fesm2022/input.mjs",
      "file": "@angular_material_input.js",
      "fileHash": "403f9b48",
      "needsInterop": false
    },
    "@angular/material/list": {
      "src": "../../../../../../node_modules/@angular/material/fesm2022/list.mjs",
      "file": "@angular_material_list.js",
      "fileHash": "0b542b80",
      "needsInterop": false
    },
    "@angular/material/paginator": {
      "src": "../../../../../../node_modules/@angular/material/fesm2022/paginator.mjs",
      "file": "@angular_material_paginator.js",
      "fileHash": "b9806f7e",
      "needsInterop": false
    },
    "@angular/material/select": {
      "src": "../../../../../../node_modules/@angular/material/fesm2022/select.mjs",
      "file": "@angular_material_select.js",
      "fileHash": "ac9c3bd4",
      "needsInterop": false
    },
    "@angular/material/sidenav": {
      "src": "../../../../../../node_modules/@angular/material/fesm2022/sidenav.mjs",
      "file": "@angular_material_sidenav.js",
      "fileHash": "d376f119",
      "needsInterop": false
    },
    "@angular/material/snack-bar": {
      "src": "../../../../../../node_modules/@angular/material/fesm2022/snack-bar.mjs",
      "file": "@angular_material_snack-bar.js",
      "fileHash": "2f5fa73e",
      "needsInterop": false
    },
    "@angular/material/sort": {
      "src": "../../../../../../node_modules/@angular/material/fesm2022/sort.mjs",
      "file": "@angular_material_sort.js",
      "fileHash": "2aa9cca6",
      "needsInterop": false
    },
    "@angular/material/table": {
      "src": "../../../../../../node_modules/@angular/material/fesm2022/table.mjs",
      "file": "@angular_material_table.js",
      "fileHash": "79b6c46a",
      "needsInterop": false
    },
    "@angular/material/toolbar": {
      "src": "../../../../../../node_modules/@angular/material/fesm2022/toolbar.mjs",
      "file": "@angular_material_toolbar.js",
      "fileHash": "060b7c63",
      "needsInterop": false
    },
    "@angular/platform-browser": {
      "src": "../../../../../../node_modules/@angular/platform-browser/fesm2022/platform-browser.mjs",
      "file": "@angular_platform-browser.js",
      "fileHash": "3661f20f",
      "needsInterop": false
    },
    "@angular/platform-browser/animations": {
      "src": "../../../../../../node_modules/@angular/platform-browser/fesm2022/animations.mjs",
      "file": "@angular_platform-browser_animations.js",
      "fileHash": "6deebf9b",
      "needsInterop": false
    },
    "@angular/router": {
      "src": "../../../../../../node_modules/@angular/router/fesm2022/router.mjs",
      "file": "@angular_router.js",
      "fileHash": "5c35bcd8",
      "needsInterop": false
    },
    "rxjs": {
      "src": "../../../../../../node_modules/rxjs/dist/esm5/index.js",
      "file": "rxjs.js",
      "fileHash": "57c7f8b7",
      "needsInterop": false
    },
    "rxjs/operators": {
      "src": "../../../../../../node_modules/rxjs/dist/esm5/operators/index.js",
      "file": "rxjs_operators.js",
      "fileHash": "ae471ed2",
      "needsInterop": false
    },
    "zone.js": {
      "src": "../../../../../../node_modules/zone.js/fesm2015/zone.js",
      "file": "zone__js.js",
      "fileHash": "8a96a022",
      "needsInterop": true
    }
  },
  "chunks": {
    "chunk-N3PELIXF": {
      "file": "chunk-N3PELIXF.js"
    },
    "chunk-SLNKNLJH": {
      "file": "chunk-SLNKNLJH.js"
    },
    "chunk-2K4FVB4I": {
      "file": "chunk-2K4FVB4I.js"
    },
    "chunk-VFP74MCI": {
      "file": "chunk-VFP74MCI.js"
    },
    "chunk-CSBTJOVF": {
      "file": "chunk-CSBTJOVF.js"
    },
    "chunk-4QNAP5PU": {
      "file": "chunk-4QNAP5PU.js"
    },
    "chunk-GZHP5SX6": {
      "file": "chunk-GZHP5SX6.js"
    },
    "chunk-6VINWIFT": {
      "file": "chunk-6VINWIFT.js"
    },
    "chunk-TGOQFQL5": {
      "file": "chunk-TGOQFQL5.js"
    },
    "chunk-2DDJHLYC": {
      "file": "chunk-2DDJHLYC.js"
    },
    "chunk-JQHXMRHB": {
      "file": "chunk-JQHXMRHB.js"
    },
    "chunk-FVM3L4MV": {
      "file": "chunk-FVM3L4MV.js"
    },
    "chunk-LLKR7PQJ": {
      "file": "chunk-LLKR7PQJ.js"
    },
    "chunk-C3EGHID5": {
      "file": "chunk-C3EGHID5.js"
    },
    "chunk-7G7ND4QW": {
      "file": "chunk-7G7ND4QW.js"
    },
    "chunk-LQSM6DW7": {
      "file": "chunk-LQSM6DW7.js"
    },
    "chunk-XA6252L2": {
      "file": "chunk-XA6252L2.js"
    },
    "chunk-42QFQP6S": {
      "file": "chunk-42QFQP6S.js"
    },
    "chunk-MZM7GJXU": {
      "file": "chunk-MZM7GJXU.js"
    },
    "chunk-XAPFI3PU": {
      "file": "chunk-XAPFI3PU.js"
    },
    "chunk-NGX5KMVR": {
      "file": "chunk-NGX5KMVR.js"
    },
    "chunk-TSEHOPNP": {
      "file": "chunk-TSEHOPNP.js"
    },
    "chunk-4HTKOCLX": {
      "file": "chunk-4HTKOCLX.js"
    },
    "chunk-N4DOILP3": {
      "file": "chunk-N4DOILP3.js"
    },
    "chunk-3RV2FQS4": {
      "file": "chunk-3RV2FQS4.js"
    },
    "chunk-TLIDJWLS": {
      "file": "chunk-TLIDJWLS.js"
    },
    "chunk-RUVDJHVJ": {
      "file": "chunk-RUVDJHVJ.js"
    },
    "chunk-5MCKLEGW": {
      "file": "chunk-5MCKLEGW.js"
    },
    "chunk-GUGIMSVJ": {
      "file": "chunk-GUGIMSVJ.js"
    },
    "chunk-ERXYH7HE": {
      "file": "chunk-ERXYH7HE.js"
    },
    "chunk-DS2J575Q": {
      "file": "chunk-DS2J575Q.js"
    },
    "chunk-42C2ZKMU": {
      "file": "chunk-42C2ZKMU.js"
    },
    "chunk-BNOFZN76": {
      "file": "chunk-BNOFZN76.js"
    },
    "chunk-5BEJFZHM": {
      "file": "chunk-5BEJFZHM.js"
    },
    "chunk-EZI6J6PE": {
      "file": "chunk-EZI6J6PE.js"
    },
    "chunk-3ENG2STM": {
      "file": "chunk-3ENG2STM.js"
    },
    "chunk-35SGLJC5": {
      "file": "chunk-35SGLJC5.js"
    },
    "chunk-UAVGWFT4": {
      "file": "chunk-UAVGWFT4.js"
    },
    "chunk-BY7Z3IGD": {
      "file": "chunk-BY7Z3IGD.js"
    },
    "chunk-PSTBIIF2": {
      "file": "chunk-PSTBIIF2.js"
    }
  }
}