{
  "hash": "d4ce1728",
  "configHash": "828082c8",
  "lockfileHash": "6f6c6d52",
  "browserHash": "6b5b20ae",
  "optimized": {
    "@angular/cdk/bidi": {
      "src": "../../../../../../node_modules/@angular/cdk/fesm2022/bidi.mjs",
      "file": "@angular_cdk_bidi.js",
      "fileHash": "400b9284",
      "needsInterop": false
    },
    "@angular/cdk/layout": {
      "src": "../../../../../../node_modules/@angular/cdk/fesm2022/layout.mjs",
      "file": "@angular_cdk_layout.js",
      "fileHash": "de2625f4",
      "needsInterop": false
    },
    "@angular/cdk/scrolling": {
      "src": "../../../../../../node_modules/@angular/cdk/fesm2022/scrolling.mjs",
      "file": "@angular_cdk_scrolling.js",
      "fileHash": "29e723c1",
      "needsInterop": false
    },
    "@angular/cdk/text-field": {
      "src": "../../../../../../node_modules/@angular/cdk/fesm2022/text-field.mjs",
      "file": "@angular_cdk_text-field.js",
      "fileHash": "8ca26751",
      "needsInterop": false
    },
    "@angular/common": {
      "src": "../../../../../../node_modules/@angular/common/fesm2022/common.mjs",
      "file": "@angular_common.js",
      "fileHash": "6e4c6627",
      "needsInterop": false
    },
    "@angular/common/http": {
      "src": "../../../../../../node_modules/@angular/common/fesm2022/http.mjs",
      "file": "@angular_common_http.js",
      "fileHash": "fe33db5a",
      "needsInterop": false
    },
    "@angular/core": {
      "src": "../../../../../../node_modules/@angular/core/fesm2022/core.mjs",
      "file": "@angular_core.js",
      "fileHash": "2f3abd3e",
      "needsInterop": false
    },
    "@angular/core/rxjs-interop": {
      "src": "../../../../../../node_modules/@angular/core/fesm2022/rxjs-interop.mjs",
      "file": "@angular_core_rxjs-interop.js",
      "fileHash": "8df970b8",
      "needsInterop": false
    },
    "@angular/forms": {
      "src": "../../../../../../node_modules/@angular/forms/fesm2022/forms.mjs",
      "file": "@angular_forms.js",
      "fileHash": "6a95eced",
      "needsInterop": false
    },
    "@angular/material/badge": {
      "src": "../../../../../../node_modules/@angular/material/fesm2022/badge.mjs",
      "file": "@angular_material_badge.js",
      "fileHash": "d2d95fa7",
      "needsInterop": false
    },
    "@angular/material/button": {
      "src": "../../../../../../node_modules/@angular/material/fesm2022/button.mjs",
      "file": "@angular_material_button.js",
      "fileHash": "5f7164de",
      "needsInterop": false
    },
    "@angular/material/card": {
      "src": "../../../../../../node_modules/@angular/material/fesm2022/card.mjs",
      "file": "@angular_material_card.js",
      "fileHash": "c0bf1d1a",
      "needsInterop": false
    },
    "@angular/material/chips": {
      "src": "../../../../../../node_modules/@angular/material/fesm2022/chips.mjs",
      "file": "@angular_material_chips.js",
      "fileHash": "046b9772",
      "needsInterop": false
    },
    "@angular/material/core": {
      "src": "../../../../../../node_modules/@angular/material/fesm2022/core.mjs",
      "file": "@angular_material_core.js",
      "fileHash": "88198405",
      "needsInterop": false
    },
    "@angular/material/datepicker": {
      "src": "../../../../../../node_modules/@angular/material/fesm2022/datepicker.mjs",
      "file": "@angular_material_datepicker.js",
      "fileHash": "3200c684",
      "needsInterop": false
    },
    "@angular/material/dialog": {
      "src": "../../../../../../node_modules/@angular/material/fesm2022/dialog.mjs",
      "file": "@angular_material_dialog.js",
      "fileHash": "baa805eb",
      "needsInterop": false
    },
    "@angular/material/divider": {
      "src": "../../../../../../node_modules/@angular/material/fesm2022/divider.mjs",
      "file": "@angular_material_divider.js",
      "fileHash": "261ef106",
      "needsInterop": false
    },
    "@angular/material/form-field": {
      "src": "../../../../../../node_modules/@angular/material/fesm2022/form-field.mjs",
      "file": "@angular_material_form-field.js",
      "fileHash": "d87e30df",
      "needsInterop": false
    },
    "@angular/material/grid-list": {
      "src": "../../../../../../node_modules/@angular/material/fesm2022/grid-list.mjs",
      "file": "@angular_material_grid-list.js",
      "fileHash": "e2b8be57",
      "needsInterop": false
    },
    "@angular/material/icon": {
      "src": "../../../../../../node_modules/@angular/material/fesm2022/icon.mjs",
      "file": "@angular_material_icon.js",
      "fileHash": "ef69e900",
      "needsInterop": false
    },
    "@angular/material/input": {
      "src": "../../../../../../node_modules/@angular/material/fesm2022/input.mjs",
      "file": "@angular_material_input.js",
      "fileHash": "5f038386",
      "needsInterop": false
    },
    "@angular/material/list": {
      "src": "../../../../../../node_modules/@angular/material/fesm2022/list.mjs",
      "file": "@angular_material_list.js",
      "fileHash": "fea3b26b",
      "needsInterop": false
    },
    "@angular/material/menu": {
      "src": "../../../../../../node_modules/@angular/material/fesm2022/menu.mjs",
      "file": "@angular_material_menu.js",
      "fileHash": "10166e79",
      "needsInterop": false
    },
    "@angular/material/paginator": {
      "src": "../../../../../../node_modules/@angular/material/fesm2022/paginator.mjs",
      "file": "@angular_material_paginator.js",
      "fileHash": "0500244a",
      "needsInterop": false
    },
    "@angular/material/progress-spinner": {
      "src": "../../../../../../node_modules/@angular/material/fesm2022/progress-spinner.mjs",
      "file": "@angular_material_progress-spinner.js",
      "fileHash": "a2ef9e1e",
      "needsInterop": false
    },
    "@angular/material/select": {
      "src": "../../../../../../node_modules/@angular/material/fesm2022/select.mjs",
      "file": "@angular_material_select.js",
      "fileHash": "e03ded48",
      "needsInterop": false
    },
    "@angular/material/sidenav": {
      "src": "../../../../../../node_modules/@angular/material/fesm2022/sidenav.mjs",
      "file": "@angular_material_sidenav.js",
      "fileHash": "feaf8a60",
      "needsInterop": false
    },
    "@angular/material/slide-toggle": {
      "src": "../../../../../../node_modules/@angular/material/fesm2022/slide-toggle.mjs",
      "file": "@angular_material_slide-toggle.js",
      "fileHash": "5e6a7579",
      "needsInterop": false
    },
    "@angular/material/snack-bar": {
      "src": "../../../../../../node_modules/@angular/material/fesm2022/snack-bar.mjs",
      "file": "@angular_material_snack-bar.js",
      "fileHash": "7e5bf5a2",
      "needsInterop": false
    },
    "@angular/material/sort": {
      "src": "../../../../../../node_modules/@angular/material/fesm2022/sort.mjs",
      "file": "@angular_material_sort.js",
      "fileHash": "6ca60630",
      "needsInterop": false
    },
    "@angular/material/table": {
      "src": "../../../../../../node_modules/@angular/material/fesm2022/table.mjs",
      "file": "@angular_material_table.js",
      "fileHash": "043008ef",
      "needsInterop": false
    },
    "@angular/material/toolbar": {
      "src": "../../../../../../node_modules/@angular/material/fesm2022/toolbar.mjs",
      "file": "@angular_material_toolbar.js",
      "fileHash": "fe27d05d",
      "needsInterop": false
    },
    "@angular/material/tooltip": {
      "src": "../../../../../../node_modules/@angular/material/fesm2022/tooltip.mjs",
      "file": "@angular_material_tooltip.js",
      "fileHash": "86e60c91",
      "needsInterop": false
    },
    "@angular/platform-browser": {
      "src": "../../../../../../node_modules/@angular/platform-browser/fesm2022/platform-browser.mjs",
      "file": "@angular_platform-browser.js",
      "fileHash": "2c35f8da",
      "needsInterop": false
    },
    "@angular/platform-browser/animations": {
      "src": "../../../../../../node_modules/@angular/platform-browser/fesm2022/animations.mjs",
      "file": "@angular_platform-browser_animations.js",
      "fileHash": "84818755",
      "needsInterop": false
    },
    "@angular/router": {
      "src": "../../../../../../node_modules/@angular/router/fesm2022/router.mjs",
      "file": "@angular_router.js",
      "fileHash": "e3b69ef9",
      "needsInterop": false
    },
    "rxjs": {
      "src": "../../../../../../node_modules/rxjs/dist/esm5/index.js",
      "file": "rxjs.js",
      "fileHash": "710bb226",
      "needsInterop": false
    },
    "rxjs/operators": {
      "src": "../../../../../../node_modules/rxjs/dist/esm5/operators/index.js",
      "file": "rxjs_operators.js",
      "fileHash": "b6dc10e1",
      "needsInterop": false
    },
    "zone.js": {
      "src": "../../../../../../node_modules/zone.js/fesm2015/zone.js",
      "file": "zone__js.js",
      "fileHash": "5276fcdc",
      "needsInterop": true
    },
    "@angular/material/radio": {
      "src": "../../../../../../node_modules/@angular/material/fesm2022/radio.mjs",
      "file": "@angular_material_radio.js",
      "fileHash": "be59feab",
      "needsInterop": false
    }
  },
  "chunks": {
    "chunk-MZM7GJXU": {
      "file": "chunk-MZM7GJXU.js"
    },
    "chunk-XAPFI3PU": {
      "file": "chunk-XAPFI3PU.js"
    },
    "chunk-VK5WHLQS": {
      "file": "chunk-VK5WHLQS.js"
    },
    "chunk-T2A6IOAR": {
      "file": "chunk-T2A6IOAR.js"
    },
    "chunk-G7ZA6OTU": {
      "file": "chunk-G7ZA6OTU.js"
    },
    "chunk-YDABGFN3": {
      "file": "chunk-YDABGFN3.js"
    },
    "chunk-3RV2FQS4": {
      "file": "chunk-3RV2FQS4.js"
    },
    "chunk-NDLSWZET": {
      "file": "chunk-NDLSWZET.js"
    },
    "chunk-PETEX3OF": {
      "file": "chunk-PETEX3OF.js"
    },
    "chunk-ZDCSIEM5": {
      "file": "chunk-ZDCSIEM5.js"
    },
    "chunk-V3YIH22P": {
      "file": "chunk-V3YIH22P.js"
    },
    "chunk-R6NATXW5": {
      "file": "chunk-R6NATXW5.js"
    },
    "chunk-XGVVZEBL": {
      "file": "chunk-XGVVZEBL.js"
    },
    "chunk-U43ODGZ3": {
      "file": "chunk-U43ODGZ3.js"
    },
    "chunk-2Q2IMSKE": {
      "file": "chunk-2Q2IMSKE.js"
    },
    "chunk-WPWKZP6S": {
      "file": "chunk-WPWKZP6S.js"
    },
    "chunk-DLNR3SVP": {
      "file": "chunk-DLNR3SVP.js"
    },
    "chunk-TBZPMNKW": {
      "file": "chunk-TBZPMNKW.js"
    },
    "chunk-BLPBWULZ": {
      "file": "chunk-BLPBWULZ.js"
    },
    "chunk-6FNSP2JU": {
      "file": "chunk-6FNSP2JU.js"
    },
    "chunk-FVM3L4MV": {
      "file": "chunk-FVM3L4MV.js"
    },
    "chunk-A3SPMAKY": {
      "file": "chunk-A3SPMAKY.js"
    },
    "chunk-4JOGT42L": {
      "file": "chunk-4JOGT42L.js"
    },
    "chunk-C3EGHID5": {
      "file": "chunk-C3EGHID5.js"
    },
    "chunk-V2VUYUQ6": {
      "file": "chunk-V2VUYUQ6.js"
    },
    "chunk-VON75VBJ": {
      "file": "chunk-VON75VBJ.js"
    },
    "chunk-PLJ2QXBA": {
      "file": "chunk-PLJ2QXBA.js"
    },
    "chunk-NGX5KMVR": {
      "file": "chunk-NGX5KMVR.js"
    },
    "chunk-5IHK76FA": {
      "file": "chunk-5IHK76FA.js"
    },
    "chunk-34WMMMZQ": {
      "file": "chunk-34WMMMZQ.js"
    },
    "chunk-XA6252L2": {
      "file": "chunk-XA6252L2.js"
    },
    "chunk-TSEHOPNP": {
      "file": "chunk-TSEHOPNP.js"
    },
    "chunk-TLIDJWLS": {
      "file": "chunk-TLIDJWLS.js"
    },
    "chunk-42C2ZKMU": {
      "file": "chunk-42C2ZKMU.js"
    },
    "chunk-4HTKOCLX": {
      "file": "chunk-4HTKOCLX.js"
    },
    "chunk-N4DOILP3": {
      "file": "chunk-N4DOILP3.js"
    },
    "chunk-MY5ZFHII": {
      "file": "chunk-MY5ZFHII.js"
    },
    "chunk-5MCKLEGW": {
      "file": "chunk-5MCKLEGW.js"
    },
    "chunk-GUGIMSVJ": {
      "file": "chunk-GUGIMSVJ.js"
    },
    "chunk-ERXYH7HE": {
      "file": "chunk-ERXYH7HE.js"
    },
    "chunk-EZI6J6PE": {
      "file": "chunk-EZI6J6PE.js"
    },
    "chunk-DS2J575Q": {
      "file": "chunk-DS2J575Q.js"
    },
    "chunk-BNOFZN76": {
      "file": "chunk-BNOFZN76.js"
    },
    "chunk-5BEJFZHM": {
      "file": "chunk-5BEJFZHM.js"
    },
    "chunk-3ENG2STM": {
      "file": "chunk-3ENG2STM.js"
    },
    "chunk-35SGLJC5": {
      "file": "chunk-35SGLJC5.js"
    },
    "chunk-BY7Z3IGD": {
      "file": "chunk-BY7Z3IGD.js"
    },
    "chunk-UAVGWFT4": {
      "file": "chunk-UAVGWFT4.js"
    },
    "chunk-PSTBIIF2": {
      "file": "chunk-PSTBIIF2.js"
    }
  }
}